Hash,orion,hera,gaeac6
688de8eb,,2929,2979
7e711129,2914,2928,2984
d4bac232,2914,2928,2984
118cff46,2915,2924,2983
071b9f95,2914,2923,2981
dc9cfba6,2909,2925,2984
a180bbe4,,2928,2979
417a2cf1,2912,2930,2983
61e54d9b,2917,2925,2984
ce74044c,2918,2924,2984
d820b67f,2916,2923,2986
5e13aaf2,2910,2922,
e39a250c,2918,2924,
8b52797d,2914,2922,2986
93d51aef,2915,2925,2984
c5b3a3c8,,,
f9c10462,,,
0e960577,,,
065def80,,,
995c51d1,,,
1f0ab432,,,
8f8fddc8,,,
24d8dfd4,,,
5750b9e3,,,
a9999828,,,
9193010a,,,
43f2c3bd,,,
f22b2e11,,,
aebf9781,,,
4cbe50f4,,,
269e181a,,,
68fd7faa,,,
1c5a9f12,,,
aba31a4e,,,
b81282e5,,,
5a297a6e,,,
ff162f36,,,
9e4778cd,,,
4a566203,,,
4f0111b2,,,
c0d4de3c,,,
7cc588ae,,,
9b9a6304,,,
4e75e7b4,,,
69d03840,,,
0d1af3e3,,,
6ece76a2,,,
c5f801e4,,,
f7d8b0cd,,,
a8c1628d,,,
